,train,val,test
7535d9c1-b122-49d1-a27e-4367cb530025,True,False,False
00006327,True,False,False
00006328,True,False,False
00006329,True,False,False
00006330,True,False,False
00006331,True,False,False
00006332,True,False,False
00006333,True,False,False
00006334,True,False,False
00006335,True,False,False
00006336,True,False,False
00006337,True,False,False
00006338,True,False,False
00006339,True,False,False
00006340,True,False,False
00006315,True,False,False
00006316,True,False,False
00006317,True,False,False
00006318,True,False,False
00006341,True,False,False
00006342,True,False,False
00006343,True,False,False
00006404,True,False,False
00006405,True,False,False
00006406,True,False,False
00006346,True,False,False
00006347,True,False,False
00006319,True,False,False
00006320,True,False,False
00006321,True,False,False
00006350,True,False,False
00006351,True,False,False
00006352,True,False,False
00006353,True,False,False
00006354,True,False,False
00006355,True,False,False
00006356,True,False,False
00006357,True,False,False
00006358,True,False,False
00006322,True,False,False
00006323,True,False,False
00006324,True,False,False
00006325,True,False,False
00006326,True,False,False
I-1,True,False,False
I-2,True,False,False
I-3,True,False,False
I-4,True,False,False
J-1,True,False,False
J-2,True,False,False
J-3,True,False,False
J-4,True,False,False
J-5,True,False,False
J-6,True,False,False
J-7,True,False,False
J-8,True,False,False
J-9,True,False,False
D-1,True,False,False
L-1,True,False,False
L-2,True,False,False
L-3,True,False,False
P-1,True,False,False
P-2,True,False,False
P-3,True,False,False
P-4,True,False,False
P-5,True,False,False
P-6,True,False,False
Q-1,True,False,False
Q-2,True,False,False
Q-3,True,False,False
Q-4,True,False,False
Q-5,True,False,False
Q-6,True,False,False
Q-7,True,False,False
R-2,True,False,False
R-3,True,False,False
R-4,True,False,False
R-5,True,False,False
R-6,True,False,False
R-7,True,False,False
R-8,True,False,False
N-1,True,False,False
V-1,True,False,False
V-2,True,False,False
V-3,True,False,False
V-4,True,False,False
V-5,True,False,False
V-6,True,False,False
V-7,True,False,False
X-1,True,False,False
X-2,True,False,False
X-3,True,False,False
X-4,True,False,False
X-5,True,False,False
X-6,True,False,False
Z-1,True,False,False
Z-2,True,False,False
Z-3,True,False,False
Z-4,True,False,False
Z-5,True,False,False
Z-6,True,False,False
Z-7,True,False,False
CC-1,True,False,False
CC-2,True,False,False
CC-3,True,False,False
CC-4,True,False,False
CC-5,True,False,False
A-1,True,False,False
EE-1,True,False,False
EE-2,True,False,False
EE-3,True,False,False
(A1),True,False,False
1D),True,False,False
(A1),True,False,False
(B1),True,False,False
(A1-1),True,False,False
GG-1,True,False,False
GG-2,True,False,False
1.70258E+12,True,False,False
1.70258E+12,True,False,False
1.70258E+12,True,False,False
1.70258E+12,True,False,False
1.70258E+12,True,False,False
1.70258E+12,True,False,False
1.70258E+12,True,False,False
1.70258E+12,True,False,False
1.70258E+12,True,False,False
b8b4ea17-dcd4-40d9-a829-99179b05f9a2,True,False,False
3be35919-9ab1-4f62-bdec-18d98d82efa6,True,False,False
448746e0-e43f-446c-8017-2148bda88d92,True,False,False
8384f1ea-6fad-4fdc-97b7-1f305fbea16a,True,False,False
00006359,True,False,False
00006360,True,False,False
00006378,True,False,False
00006379,True,False,False
00006380,True,False,False
00006381,True,False,False
00006382,True,False,False
00006383,True,False,False
00006384,True,False,False
00006385,True,False,False
00006386,True,False,False
00006387,True,False,False
00006388,True,False,False
00006393,True,False,False
00006394,True,False,False
00006361,True,False,False
00006362,True,False,False
00006398,True,False,False
00006399,True,False,False
00006400,True,False,False
00006401,True,False,False
00006402,True,False,False
00006403,True,False,False
00006363,True,False,False
00006364,True,False,False
00006365,True,False,False
00006366,True,False,False
00006372,True,False,False
00006373,True,False,False
00006374,True,False,False
00006375,True,False,False
00006376,True,False,False
00006377,True,False,False
missing1,True,False,False
missing2,True,False,False
B-1,True,False,False
B-2,True,False,False
B-3,True,False,False
B-4,True,False,False
F-1,True,False,False
F-2,True,False,False
F-3,True,False,False
F-4,True,False,False
F-5,True,False,False
G-1,True,False,False
G-2,True,False,False
G-3,True,False,False
G-4,True,False,False
G-5,True,False,False
C-1,True,False,False
C-10,True,False,False
C-2,True,False,False
C-3,True,False,False
C-4,True,False,False
C-5,True,False,False
C-6,True,False,False
C-7,True,False,False
C-8,True,False,False
C-9,True,False,False
O-1,True,False,False
O-4,True,False,False
S-1,True,False,False
S-2,True,False,False
S-3,True,False,False
S-4,True,False,False
S-5,True,False,False
S-6,True,False,False
S-7,True,False,False
S-8,True,False,False
S-9,True,False,False
T-1,True,False,False
T-2,True,False,False
T-3,True,False,False
T-4,True,False,False
AA-1,True,False,False
BB-1,True,False,False
BB-2,True,False,False
BB-3,True,False,False
BB-4,True,False,False
BB-5,True,False,False
DD-1,True,False,False
FF-1,True,False,False
FF-2,True,False,False
FF-3,True,False,False
FF-4,True,False,False
FF-5,True,False,False
(A1-3),True,False,False
a4de35f1-b557-417a-a5d4-efc3334a628c,True,False,False
00006348,False,True,False
00006349,False,True,False
M-1,False,True,False
M-2,False,True,False
M-3,False,True,False
M-4,False,True,False
M-5,False,True,False
ee1ab5b7-a967-4380-8403-8e8f1a56a100,False,True,False
1.70258E+12,False,True,False
H-1,False,True,False
H-2,False,True,False
H-3,False,True,False
H-4,False,True,False
W-1,False,True,False
W-2,False,True,False
W-3,False,True,False
W-4,False,True,False
W-5,False,True,False
K-1,False,True,False
E-1,False,True,False
E-2,False,True,False
E-3,False,True,False
E-4,False,True,False
00006367,False,True,False
00006368,False,True,False
00006369,False,True,False
00006370,False,True,False
00006371,False,True,False
1.70258E+12,False,False,True
U-1,False,False,True
U-2,False,False,True
U-3,False,False,True
U-4,False,False,True
U-6,False,False,True
U-7,False,False,True
ef0e94db-90df-48ae-b2aa-72607815ce6a,False,False,True
00006344,False,False,True
00006345,False,False,True
1.70258E+12,False,False,True
00006389,False,False,True
00006390,False,False,True
00006395,False,False,True
00006396,False,False,True
00006397,False,False,True
00006391,False,False,True
00006392,False,False,True
Y-1,False,False,True
